{"cameraMode":{"drawMode":0,"name":"Shaded","section":"Shading Mode"},"sceneLighting":false,"audioPlay":false,"sceneViewState":{"showFog":true,"showMaterialUpdate":false,"showSkybox":false,"showFlares":true,"showImageEffects":true,"showParticleSystems":true},"in2DMode":false,"pivot":{"x":0.07822132110595703,"y":-0.11295747756958008,"z":0.3729388117790222},"rotation":{"x":-0.2577912509441376,"y":0.6712852120399475,"z":-0.270309716463089,"w":-0.6401992440223694},"size":0.6436978578567505,"orthographic":false}